School,G,W,L,W-L%,SRS,SOS,W.1,L.1,W.2,L.2,W.3,L.3,Points For,Points Against,MP,FG,FGA,FG%,3P,3PA,3P%,FT,FTA,FT%,ORB,TRB,AST,STL,BLK,TOV,PF,Qualified
Abilene Christian,32,16,16,0.5,-5.47,-2.02,8,8,10,5,5,10,2260,2250,1290,819,1845,0.444,146,483,0.302,476,666,0.715,355,1081,421,331,94,476,670,False
Air Force,32,4,28,0.125,-7.75,3.96,1,19,3,13,0,14,1982,2357,1290,680,1616,0.421,259,783,0.331,363,572,0.635,236,956,428,181,91,433,571,False
Akron,34,28,6,0.824,3.54,-4.52,17,1,16,0,8,4,2876,2534,1365,1039,2197,0.473,369,1013,0.364,429,570,0.753,410,1325,615,262,127,407,609,True
Alabama,33,25,8,0.758,25.96,16.26,13,5,12,3,9,3,3007,2687,1330,1026,2126,0.483,344,983,0.35,611,853,0.716,426,1422,555,200,147,422,628,True
Alabama A&M,32,10,22,0.313,-20.36,-9.77,6,12,8,9,2,12,2337,2521,1300,795,1966,0.404,257,807,0.318,490,738,0.664,447,1172,432,266,131,513,687,False
Alabama State,34,19,15,0.559,-9.23,-8.93,12,6,8,3,6,10,2497,2456,1365,874,2158,0.405,305,924,0.33,444,642,0.692,397,1232,400,266,97,311,620,True
Albany (NY),33,17,16,0.515,-9.45,-8.26,8,8,7,7,8,8,2463,2437,1335,901,2044,0.441,238,736,0.323,423,591,0.716,392,1117,414,273,77,357,575,False
Alcorn State,32,11,21,0.344,-13.79,-6.69,11,7,6,3,5,17,2081,2307,1285,754,1833,0.411,171,538,0.318,402,561,0.717,377,1087,329,211,86,418,544,False
American,34,22,12,0.647,-7.01,-6.54,13,5,14,2,5,10,2334,2287,1380,813,1836,0.443,286,824,0.347,422,558,0.756,262,1031,426,225,63,376,607,True
Appalachian State,31,17,14,0.548,-2.47,-3.72,10,8,10,4,5,8,2102,1970,1245,738,1692,0.436,240,697,0.344,386,593,0.651,304,1145,389,171,114,335,414,False
Arizona,34,22,12,0.647,23.12,13.82,14,6,13,3,6,5,2779,2463,1370,977,2067,0.473,232,716,0.324,593,756,0.784,416,1346,554,262,146,390,566,True
Arizona State,32,13,19,0.406,11.19,13.72,4,16,5,9,3,8,2366,2447,1295,804,1836,0.438,281,786,0.358,477,659,0.724,282,1093,412,172,142,395,543,False
Arkansas,33,20,13,0.606,16.64,11.18,8,10,14,4,4,6,2528,2348,1325,896,1922,0.466,235,706,0.333,501,683,0.734,304,1165,477,251,186,385,532,True
Arkansas State,34,24,10,0.706,5.22,-2.78,13,5,13,2,8,5,2692,2385,1370,922,2174,0.424,315,982,0.321,533,730,0.73,457,1390,478,249,156,363,627,False
Arkansas-Pine Bluff,31,6,25,0.194,-24.12,-8.22,3,15,4,8,2,17,2242,2602,1240,834,1838,0.454,225,696,0.323,349,589,0.593,306,1053,452,220,66,449,588,False
Army,31,16,15,0.516,-12.47,-7.26,10,8,12,4,4,11,2268,2327,1270,842,1911,0.441,253,805,0.314,331,483,0.685,312,1082,438,207,68,319,482,False
Auburn,33,28,5,0.848,29.57,15.33,15,3,13,2,8,2,2767,2297,1325,980,2031,0.483,303,824,0.368,504,681,0.74,385,1223,544,230,204,305,614,True
Austin Peay,33,14,19,0.424,-9.15,-3.44,8,10,8,5,4,13,2362,2472,1335,836,1980,0.422,280,810,0.346,410,570,0.719,326,1085,416,229,87,327,589,False
Ball State,31,14,17,0.452,-7.76,-6.3,7,11,8,7,4,9,2336,2300,1250,781,1718,0.455,221,641,0.345,553,785,0.704,292,1101,407,154,67,363,507,False
Baylor,33,19,14,0.576,19.42,13.57,10,10,13,3,3,9,2523,2282,1345,894,1995,0.448,280,797,0.351,455,611,0.745,420,1187,482,252,95,363,538,True
Bellarmine,31,5,26,0.161,-14.75,-4.37,2,16,5,10,0,16,2252,2484,1250,814,1743,0.467,281,776,0.362,343,444,0.773,205,909,439,197,53,371,522,False
Belmont,33,22,11,0.667,2.04,-0.02,13,7,11,5,9,4,2618,2529,1325,945,2033,0.465,347,905,0.383,381,530,0.719,317,1142,568,229,104,371,514,False
Bethune-Cookman,33,17,16,0.515,-10.01,-6.5,13,5,8,2,7,12,2265,2381,1320,800,1870,0.428,202,634,0.319,463,671,0.69,334,1175,423,220,121,448,531,False
Binghamton,32,15,17,0.469,-13.23,-8.85,7,9,9,4,5,12,2233,2287,1295,800,1735,0.461,227,633,0.359,404,583,0.693,284,1149,415,153,96,431,525,False
Boise State,34,24,10,0.706,13.88,5.85,14,6,13,2,6,5,2546,2246,1365,862,1878,0.459,248,799,0.31,572,736,0.777,361,1235,487,182,90,379,546,False
Boston College,31,12,19,0.387,0.1,5.49,4,16,9,8,0,10,2182,2349,1275,783,1811,0.432,206,597,0.345,410,570,0.719,318,1065,355,162,121,368,571,False
Boston University,32,16,16,0.5,-10.77,-8.15,10,8,12,4,3,12,2148,2191,1300,768,1752,0.438,250,740,0.338,362,546,0.663,349,1124,381,194,83,423,515,False
Bowling Green State,32,14,18,0.438,-9.38,-5.95,8,10,8,8,5,8,2352,2366,1280,815,1857,0.439,255,745,0.342,467,626,0.746,297,1100,359,232,102,392,556,False
Bradley,34,26,8,0.765,6.24,-0.04,15,5,13,3,8,3,2612,2339,1380,918,1897,0.484,326,813,0.401,450,596,0.755,283,1171,493,226,128,392,569,False
Brigham Young,33,24,9,0.727,19.8,9.71,14,6,15,2,6,5,2672,2339,1345,950,1970,0.482,353,952,0.371,419,594,0.705,366,1237,569,236,104,400,532,True
Brown,27,14,13,0.519,-4.92,-4.0,6,8,8,6,6,7,1950,1933,1095,723,1613,0.448,221,659,0.335,283,448,0.632,296,979,398,160,142,314,424,False
Bryant,34,23,11,0.676,-1.68,-7.55,14,2,12,3,10,7,2800,2511,1365,1028,2234,0.46,266,790,0.337,478,667,0.717,456,1410,509,228,205,408,532,True
Bucknell,33,18,15,0.545,-5.08,-5.95,13,5,12,4,6,10,2443,2414,1380,862,1850,0.466,268,759,0.353,451,679,0.664,281,1117,448,219,106,433,587,False
Buffalo,31,9,22,0.29,-14.94,-3.7,4,14,6,9,3,13,2226,2508,1240,776,1821,0.426,243,800,0.304,431,616,0.7,286,1069,419,209,109,451,517,False
Butler,33,14,19,0.424,10.32,10.29,6,14,9,8,2,9,2437,2436,1325,830,1822,0.456,273,745,0.366,504,679,0.742,283,1155,461,134,93,365,444,False
Cal Poly,35,16,19,0.457,-1.95,-0.15,8,12,9,5,5,13,2873,2901,1420,1011,2187,0.462,403,1114,0.362,448,585,0.766,352,1221,535,275,75,550,630,False
Cal State Bakersfield,33,14,19,0.424,-5.42,-1.74,8,12,9,6,4,11,2434,2430,1330,851,1944,0.438,218,573,0.38,514,666,0.772,424,1173,334,225,92,416,671,False
Cal State Fullerton,32,6,26,0.188,-15.46,0.87,1,19,4,11,2,15,2024,2475,1280,683,1701,0.402,156,575,0.271,502,677,0.742,303,1064,288,170,62,474,568,False
Cal State Northridge,32,22,10,0.688,2.66,-3.28,14,6,10,3,10,6,2580,2319,1285,924,1974,0.468,215,617,0.348,517,709,0.729,413,1288,530,248,94,441,658,False
California,33,14,19,0.424,5.85,7.06,6,14,11,6,2,11,2494,2534,1360,838,2002,0.419,238,756,0.315,580,778,0.746,443,1238,345,208,122,383,544,False
California Baptist,32,17,15,0.531,-0.72,-1.94,9,7,11,5,4,8,2280,2241,1295,818,1915,0.427,213,671,0.317,431,569,0.757,384,1152,373,212,86,386,551,False
Campbell,32,15,17,0.469,-5.18,-4.74,10,8,8,6,7,10,2246,2169,1285,792,1804,0.439,240,745,0.322,422,547,0.771,264,1016,430,220,98,335,516,False
Canisius,31,3,28,0.097,-19.0,-5.16,3,17,1,12,2,15,2008,2437,1240,729,1673,0.436,254,692,0.367,296,390,0.759,180,802,348,191,75,380,495,False
Central Arkansas,33,9,24,0.273,-14.66,-3.79,4,14,7,7,1,17,2318,2578,1350,817,1995,0.41,283,962,0.294,401,558,0.719,368,1180,453,242,78,408,448,False
Central Connecticut State,32,25,7,0.781,-4.16,-10.9,14,2,13,3,12,3,2312,2012,1285,870,1827,0.476,226,654,0.346,346,466,0.742,273,1137,456,242,134,361,360,False
Central Michigan,31,14,17,0.452,-4.35,-2.65,7,11,8,6,6,10,2341,2237,1250,835,1807,0.462,198,610,0.325,473,655,0.722,331,1120,420,228,90,380,512,False
Charleston Southern,32,10,22,0.313,-10.82,-2.15,6,10,7,5,3,14,2307,2503,1295,769,1808,0.425,233,767,0.304,536,810,0.662,376,1187,367,151,88,433,558,False
Charlotte,33,11,22,0.333,-5.11,-0.3,3,15,8,8,1,12,2328,2460,1345,761,1808,0.421,231,745,0.31,575,768,0.749,291,1036,405,168,72,329,573,False
Chattanooga,33,24,9,0.727,0.98,-4.18,15,3,13,3,10,5,2602,2375,1335,919,1913,0.48,319,876,0.364,445,580,0.767,272,1095,556,225,98,340,530,False
Chicago State,32,4,28,0.125,-20.79,-4.64,4,12,3,7,1,19,2001,2518,1290,709,1858,0.382,232,759,0.306,351,498,0.705,273,981,344,235,114,412,607,False
Cincinnati,33,18,15,0.545,14.58,9.76,7,13,12,5,4,9,2328,2169,1320,888,1983,0.448,242,756,0.32,310,464,0.668,371,1138,452,242,145,338,459,False
Clemson,33,27,6,0.818,18.5,7.84,18,2,15,2,9,3,2519,2167,1350,909,1955,0.465,279,751,0.372,422,551,0.766,370,1166,475,247,119,345,502,True
Cleveland State,33,21,12,0.636,-1.88,-4.04,14,6,14,4,7,7,2403,2178,1325,880,1954,0.45,214,641,0.334,429,593,0.723,401,1131,459,288,156,389,590,False
Coastal Carolina,32,10,22,0.313,-12.04,-5.84,3,15,6,8,3,13,2136,2275,1285,740,1728,0.428,239,689,0.347,417,594,0.702,321,1171,367,105,53,382,566,False
Colgate,33,14,19,0.424,-7.47,-6.16,10,8,10,4,4,13,2379,2388,1330,888,1897,0.468,287,806,0.356,316,433,0.73,256,1067,467,211,80,372,492,False
College of Charleston,33,24,9,0.727,-0.32,-3.11,13,5,13,2,7,5,2549,2437,1340,892,1962,0.455,276,782,0.353,489,683,0.716,307,1189,525,214,76,377,513,False
Colorado,34,14,20,0.412,10.52,12.07,3,17,11,7,0,10,2377,2430,1370,824,1849,0.446,222,689,0.322,507,672,0.754,319,1190,481,240,133,491,570,False
Colorado State,34,25,9,0.735,13.9,5.75,16,4,14,2,7,4,2558,2281,1375,900,1877,0.479,294,804,0.366,462,596,0.775,276,1184,565,174,94,396,593,True
Columbia,27,12,15,0.444,-8.94,-5.46,1,13,9,6,3,9,2117,2109,1080,771,1655,0.466,222,659,0.337,353,480,0.735,259,940,470,210,57,295,415,False
Connecticut,33,23,10,0.697,17.83,8.47,14,6,14,2,7,4,2554,2245,1340,906,1888,0.48,285,804,0.354,457,578,0.791,365,1175,580,175,210,370,593,True
Coppin State,30,6,24,0.2,-20.99,-5.44,4,10,5,6,1,17,1867,2292,1205,653,1644,0.397,155,528,0.294,406,596,0.681,290,919,336,244,57,447,520,False
Cornell,29,18,11,0.621,1.13,-3.54,9,5,9,5,8,5,2467,2248,1160,886,1770,0.501,325,865,0.376,370,490,0.755,258,1015,554,183,94,347,473,False
Creighton,34,24,10,0.706,16.35,10.64,15,5,15,2,6,5,2558,2364,1370,917,1932,0.475,321,947,0.339,403,550,0.733,293,1282,581,126,155,419,372,True
Dartmouth,28,14,14,0.5,-4.48,-5.17,8,6,9,4,5,9,2166,2013,1125,748,1710,0.437,284,806,0.352,386,520,0.742,250,1062,441,144,86,322,417,False
Davidson,33,17,16,0.515,1.53,0.97,6,12,11,6,4,7,2393,2334,1320,859,1891,0.454,266,786,0.338,409,548,0.746,267,1095,491,188,83,318,488,False
Dayton,32,22,10,0.688,9.27,4.66,12,6,16,2,5,4,2406,2242,1300,819,1795,0.456,258,726,0.355,510,684,0.746,313,1101,487,227,111,335,500,False
Delaware,36,16,20,0.444,-5.87,-3.9,5,13,8,7,3,11,2780,2803,1440,988,2081,0.475,316,849,0.372,488,624,0.782,267,1151,510,230,108,426,597,False
Delaware State,30,16,14,0.533,-12.0,-8.8,8,6,11,2,3,11,2360,2229,1210,871,1889,0.461,155,420,0.369,463,640,0.723,399,1122,419,259,78,379,545,False
Denver,32,11,21,0.344,-10.05,-2.67,5,11,8,6,3,12,2316,2483,1300,820,1825,0.449,232,669,0.347,444,600,0.74,282,986,367,219,81,405,718,False
DePaul,33,14,19,0.424,5.98,7.4,4,16,11,8,2,10,2402,2449,1350,860,1926,0.447,309,893,0.346,373,528,0.706,306,1140,518,202,120,407,543,False
Detroit Mercy,32,8,24,0.25,-13.43,-3.08,4,16,6,7,2,15,2146,2428,1300,781,1897,0.412,180,546,0.33,404,550,0.735,384,1207,347,185,79,416,605,False
Drake,33,30,3,0.909,9.03,0.06,17,3,14,2,10,1,2313,1928,1345,798,1659,0.481,219,617,0.355,498,706,0.705,339,1023,440,298,80,368,519,True
Drexel,33,18,15,0.545,-3.36,-5.33,9,9,8,6,7,7,2322,2207,1345,870,1898,0.458,254,706,0.36,328,469,0.699,364,1214,430,161,150,402,486,False
Duke,34,31,3,0.912,30.31,9.51,19,1,17,0,10,1,2812,2105,1360,981,2010,0.488,344,912,0.377,506,645,0.784,381,1313,570,236,129,326,541,True
Duquesne,32,13,19,0.406,1.8,1.51,8,10,9,7,2,8,2212,2155,1290,795,1838,0.433,268,786,0.341,354,544,0.651,374,1091,442,227,136,387,564,False
East Carolina,33,19,14,0.576,-0.42,-0.55,10,8,12,6,4,6,2502,2434,1345,879,2015,0.436,222,703,0.316,522,725,0.72,425,1226,438,249,149,359,516,False
East Tennessee State,32,19,13,0.594,-0.93,-5.06,12,6,13,3,6,9,2301,2128,1280,815,1880,0.434,271,779,0.348,400,605,0.661,404,1186,415,257,121,347,521,False
East Texas A&M,31,5,26,0.161,-12.39,-1.88,3,17,4,10,1,16,1995,2321,1245,713,1714,0.416,260,828,0.314,309,480,0.644,304,948,439,260,122,475,520,False
Eastern Illinois,31,12,19,0.387,-12.43,-5.72,8,12,7,7,4,12,2062,2140,1250,742,1801,0.412,166,520,0.319,412,608,0.678,358,1094,350,278,85,387,577,False
Eastern Kentucky,32,18,14,0.563,-3.36,-3.96,12,6,10,3,7,9,2491,2408,1300,883,2081,0.424,306,884,0.346,419,559,0.75,431,1183,417,276,112,315,535,False
Eastern Michigan,32,16,16,0.5,-9.13,-5.3,9,9,9,5,6,10,2355,2449,1290,833,1812,0.46,241,690,0.349,448,608,0.737,321,1043,400,223,109,416,577,False
Eastern Washington,32,10,22,0.313,-8.43,-1.7,6,12,8,6,2,14,2283,2415,1280,818,1792,0.456,216,664,0.325,431,554,0.778,273,963,437,241,100,401,583,False
Elon,32,17,15,0.531,-3.68,-4.48,8,10,10,4,6,9,2355,2232,1285,795,1803,0.441,250,766,0.326,515,690,0.746,408,1274,390,167,131,399,425,False
Evansville,32,11,21,0.344,-6.03,0.33,8,12,7,9,4,11,2113,2263,1280,761,1759,0.433,218,719,0.303,373,535,0.697,245,1054,403,192,140,377,527,False
Fairfield,32,12,20,0.375,-14.23,-7.4,8,12,8,6,3,12,2161,2324,1285,784,1925,0.407,230,729,0.316,363,500,0.726,351,1054,404,218,96,331,522,False
FDU,33,13,20,0.394,-11.74,-7.84,8,8,9,5,4,15,2431,2415,1341,849,1946,0.436,275,819,0.336,458,644,0.711,321,1120,449,229,89,387,530,False
Florida,34,30,4,0.882,27.98,11.81,14,4,15,1,7,3,2904,2354,1360,1029,2177,0.473,337,949,0.355,509,709,0.718,470,1429,539,263,159,362,586,True
Florida A&M,31,14,17,0.452,-13.14,-5.79,10,8,9,3,4,13,2235,2334,1242,758,1721,0.44,279,807,0.346,440,617,0.713,296,1058,392,162,100,425,548,False
Florida Atlantic,33,18,15,0.545,4.08,2.05,10,8,8,5,6,7,2598,2483,1335,926,2004,0.462,287,818,0.351,459,658,0.698,368,1224,530,208,145,377,570,False
Florida Gulf Coast,32,18,14,0.563,-2.03,-4.32,13,5,11,5,7,9,2321,2233,1280,883,1874,0.471,257,724,0.355,298,432,0.69,315,1125,452,179,75,338,471,False
Florida International,33,10,23,0.303,-6.42,-1.36,3,15,7,8,1,13,2285,2380,1340,821,1932,0.425,168,585,0.287,475,672,0.707,378,1159,403,297,153,451,560,False
Florida State,32,17,15,0.531,8.8,6.8,8,12,11,5,2,9,2383,2319,1285,834,1838,0.454,196,619,0.317,519,724,0.717,326,1107,417,243,152,393,611,False
Fordham,33,12,21,0.364,-3.86,1.17,3,15,8,8,2,10,2452,2573,1335,850,2008,0.423,272,836,0.325,480,668,0.719,400,1198,452,250,115,434,618,False
Fresno State,32,6,26,0.188,-5.25,4.76,2,18,5,9,1,14,2262,2582,1315,782,1927,0.406,213,680,0.313,485,701,0.692,338,1113,344,242,103,412,494,False
Furman,34,25,9,0.735,0.05,-3.53,11,7,13,3,9,5,2638,2368,1375,901,1970,0.457,370,1007,0.367,466,677,0.688,358,1241,580,225,114,380,509,False
Gardner-Webb,31,11,20,0.355,-7.98,-3.63,5,11,5,6,3,13,2287,2422,1240,824,1775,0.464,194,588,0.33,445,643,0.692,356,1129,325,161,101,453,583,False
George Mason,34,26,8,0.765,7.71,1.22,15,3,17,1,7,6,2411,2152,1390,822,1807,0.455,233,658,0.354,534,747,0.715,347,1251,429,253,116,444,563,False
George Washington,33,21,12,0.636,3.05,-1.7,9,9,13,4,5,6,2430,2238,1335,830,1858,0.447,245,773,0.317,523,747,0.7,363,1159,463,295,102,407,499,False
Georgetown,32,17,15,0.531,8.7,5.86,8,12,14,5,3,9,2293,2202,1280,857,1926,0.445,229,720,0.318,350,496,0.706,356,1125,458,254,122,374,499,False
Georgia,32,20,12,0.625,17.23,10.98,8,10,15,3,3,7,2418,2218,1280,839,1810,0.464,223,666,0.335,517,721,0.717,378,1172,399,247,166,413,535,True
Georgia Southern,33,17,16,0.515,-7.39,-5.33,8,10,11,3,4,11,2449,2505,1340,887,2063,0.43,313,912,0.343,362,550,0.658,423,1234,450,260,123,444,648,False
Georgia State,33,14,19,0.424,-7.37,-2.87,8,10,9,6,3,11,2479,2583,1325,898,1998,0.449,233,675,0.345,450,656,0.686,393,1255,401,173,97,391,523,False
Georgia Tech,33,17,16,0.515,7.3,6.36,10,10,14,5,2,9,2421,2390,1340,876,1983,0.442,245,718,0.341,424,618,0.686,362,1232,485,192,122,403,528,False
Gonzaga,33,25,8,0.758,23.62,6.62,14,4,13,2,8,2,2859,2298,1335,1049,2100,0.5,242,703,0.344,519,648,0.801,369,1274,649,251,98,311,550,True
Grambling,34,12,22,0.353,-12.32,-7.45,7,11,6,7,4,12,2271,2301,1370,800,1863,0.429,219,648,0.338,452,620,0.729,300,1145,387,227,126,431,557,False
Grand Canyon,33,26,7,0.788,5.81,-3.04,13,3,16,1,5,4,2612,2281,1325,890,1932,0.461,206,654,0.315,626,854,0.733,368,1233,465,310,168,435,574,True
Green Bay,32,4,28,0.125,-13.23,-2.55,2,18,3,11,1,17,2237,2570,1285,742,1716,0.432,259,788,0.329,494,630,0.784,197,958,447,157,64,401,583,False
Hampton,33,17,16,0.515,-4.93,-3.73,8,10,10,4,4,9,2391,2309,1325,856,2010,0.426,247,741,0.333,430,604,0.712,435,1196,391,248,100,356,602,False
Harvard,27,12,15,0.444,-7.57,-3.61,7,7,7,5,5,10,1848,1945,1085,679,1532,0.443,197,611,0.322,293,382,0.767,224,854,369,199,77,322,383,False
Hawaii,31,15,16,0.484,-3.13,-0.58,7,13,13,7,2,9,2173,2208,1250,745,1658,0.449,203,634,0.32,480,650,0.738,308,1103,368,110,73,418,548,False
High Point,34,29,5,0.853,5.39,-5.8,14,2,16,1,7,3,2795,2338,1365,977,1978,0.494,280,770,0.364,561,735,0.763,383,1239,441,210,98,354,613,True
Hofstra,33,15,18,0.455,-4.73,-3.63,6,12,6,7,5,9,2202,2141,1340,794,1861,0.427,273,802,0.34,341,477,0.715,290,1173,447,196,130,371,580,False
Holy Cross,32,13,19,0.406,-12.27,-7.1,5,13,7,6,4,13,2227,2307,1290,824,1806,0.456,292,754,0.387,287,398,0.721,239,1042,398,148,92,382,441,False
Houston,34,30,4,0.882,28.44,12.7,19,1,16,1,10,0,2523,1988,1385,916,1999,0.458,274,689,0.398,417,563,0.741,417,1231,407,270,157,316,557,True
Houston Christian,32,12,20,0.375,-8.19,-2.99,9,11,8,7,4,12,2111,2220,1280,742,1753,0.423,251,769,0.326,376,547,0.687,296,1000,348,252,115,374,435,False
Howard,32,12,20,0.375,-11.77,-6.63,7,7,8,6,3,11,2480,2538,1290,854,1837,0.465,273,733,0.372,499,675,0.739,320,1090,507,180,97,478,612,False
Idaho,33,14,19,0.424,-7.6,-3.08,8,10,8,6,5,11,2430,2493,1325,823,1871,0.44,308,885,0.348,476,634,0.751,337,1113,405,194,93,390,589,False
Idaho State,30,15,15,0.5,-3.62,-3.69,10,8,10,4,5,10,2230,2099,1205,779,1809,0.431,221,681,0.325,451,608,0.742,422,1143,398,181,135,321,494,False
Illinois,33,21,12,0.636,21.7,12.49,12,8,13,4,5,5,2766,2462,1331,951,2113,0.45,309,992,0.311,555,731,0.759,431,1403,494,145,138,381,534,True
Illinois State,33,19,14,0.576,1.85,-0.12,10,10,12,4,5,7,2492,2374,1325,876,1833,0.478,330,879,0.375,410,548,0.748,257,1065,479,188,56,344,549,False
Illinois-Chicago,31,17,14,0.548,-0.59,0.62,10,10,9,5,7,6,2357,2286,1260,831,1827,0.455,250,716,0.349,445,619,0.719,328,1119,476,210,97,375,548,False
Incarnate Word,33,17,16,0.515,-6.47,-5.44,9,11,11,5,4,10,2407,2274,1330,891,1918,0.465,262,695,0.377,363,533,0.681,395,1159,411,225,125,387,536,False
Indiana,32,19,13,0.594,14.59,11.97,10,10,14,4,4,6,2389,2305,1285,871,1902,0.458,203,632,0.321,444,629,0.706,349,1166,509,186,107,371,531,False
Indiana State,32,14,18,0.438,-3.13,-0.63,8,12,8,6,4,9,2563,2545,1295,877,1884,0.465,323,931,0.347,486,649,0.749,294,1139,502,219,71,448,586,False
Iona,34,17,17,0.5,-8.3,-7.51,12,8,7,7,7,7,2369,2396,1370,872,2075,0.42,229,721,0.318,396,578,0.685,495,1259,492,327,96,491,621,False
Iowa,33,17,16,0.515,12.88,10.1,7,13,12,6,2,8,2722,2630,1325,1011,2065,0.49,322,847,0.38,378,536,0.705,286,1056,605,219,138,323,509,False
Iowa State,33,24,9,0.727,23.04,10.73,13,7,15,2,6,5,2652,2246,1340,920,1918,0.48,253,707,0.358,559,738,0.757,341,1169,496,309,115,393,531,True
IU Indy,32,10,22,0.313,-11.51,-4.23,6,14,6,8,4,12,2402,2458,1285,803,1873,0.429,328,878,0.374,468,632,0.741,366,1073,436,199,64,329,560,False
Jackson State,34,16,18,0.471,-9.15,-6.0,14,4,8,1,6,15,2428,2535,1380,835,1978,0.422,217,666,0.326,541,741,0.73,372,1246,415,243,115,471,560,False
Jacksonville,32,19,13,0.594,-3.24,-3.27,12,6,11,3,7,9,2308,2273,1285,847,1925,0.44,235,652,0.36,379,557,0.68,404,1163,437,249,143,420,554,False
Jacksonville State,34,22,12,0.647,1.39,0.04,12,6,12,2,7,7,2511,2334,1370,888,1991,0.446,256,736,0.348,479,631,0.759,372,1302,392,167,121,340,464,False
James Madison,32,20,12,0.625,-1.62,-2.58,13,5,13,2,5,8,2365,2256,1290,823,1874,0.439,287,830,0.346,432,573,0.754,360,1142,373,194,101,337,523,False
Kansas,33,21,12,0.636,20.7,13.77,11,9,14,3,4,8,2515,2286,1335,959,2035,0.471,245,697,0.352,352,495,0.711,348,1272,584,206,157,386,469,True
Kansas City,33,13,20,0.394,-5.33,-2.71,4,12,9,5,2,12,2386,2218,1320,816,1898,0.43,290,845,0.343,464,609,0.762,392,1168,407,244,106,394,552,False
Kansas State,33,16,17,0.485,11.29,10.08,9,11,10,6,3,9,2337,2297,1325,856,1943,0.441,254,781,0.325,371,537,0.691,339,1118,505,244,114,399,515,False
Kennesaw State,33,19,14,0.576,0.77,1.1,10,8,12,3,5,8,2526,2417,1330,857,1996,0.429,284,915,0.31,528,734,0.719,414,1331,439,218,140,451,618,False
Kent State,33,22,11,0.667,0.88,-3.25,11,7,11,4,8,5,2433,2256,1325,873,2002,0.436,238,759,0.314,449,598,0.751,425,1214,415,250,107,386,604,False
Kentucky,33,22,11,0.667,21.61,14.18,10,8,15,3,4,6,2815,2570,1325,980,2033,0.482,317,848,0.374,538,729,0.738,333,1270,556,223,133,365,573,True
La Salle,33,14,19,0.424,-3.05,1.6,5,13,10,5,2,10,2376,2465,1325,845,2046,0.413,230,685,0.336,456,628,0.726,392,1217,388,238,117,354,521,False
Lafayette,33,13,20,0.394,-9.9,-8.06,7,11,10,6,3,14,2261,2274,1337,809,1854,0.436,257,753,0.341,386,564,0.684,284,1102,486,192,115,362,512,False
Lamar,33,20,13,0.606,-2.2,-2.67,14,6,10,4,9,6,2306,2170,1325,845,1979,0.427,230,653,0.352,386,562,0.687,441,1277,495,246,165,413,504,False
Le Moyne,32,9,23,0.281,-17.54,-8.07,4,12,6,7,2,16,2371,2566,1315,826,1802,0.458,253,746,0.339,466,662,0.704,290,1051,454,222,69,444,614,False
Lehigh,30,11,19,0.367,-10.03,-6.46,6,12,8,5,3,14,2110,2143,1210,758,1682,0.451,236,637,0.37,358,524,0.683,220,947,401,174,63,321,486,False
Liberty,34,28,6,0.824,8.22,-1.39,13,5,12,3,9,2,2603,2138,1365,938,1898,0.494,359,921,0.39,368,557,0.661,218,1123,574,225,99,342,458,True
Lindenwood,33,16,17,0.485,-13.01,-7.11,10,10,11,3,3,12,2348,2354,1340,837,1983,0.422,192,678,0.283,482,709,0.68,380,1203,370,277,133,415,534,False
Lipscomb,34,25,9,0.735,5.06,-4.88,14,4,15,3,10,6,2697,2289,1365,939,1984,0.473,336,936,0.359,483,608,0.794,282,1218,514,236,104,324,427,True
Little Rock,33,19,14,0.576,-6.72,-7.52,12,8,9,5,9,7,2287,2219,1330,843,1894,0.445,215,583,0.369,386,548,0.704,342,1112,447,298,172,458,563,False
Long Beach State,32,7,25,0.219,-9.82,-0.05,3,17,3,11,4,11,2152,2374,1295,736,1698,0.433,218,625,0.349,462,611,0.756,304,1021,364,182,96,460,585,False
Long Island University,33,17,16,0.515,-10.7,-9.7,12,4,10,5,7,9,2235,2156,1345,831,1910,0.435,201,649,0.31,372,518,0.718,382,1172,388,269,117,430,625,False
Longwood,32,18,14,0.563,-4.43,-4.85,7,9,12,4,5,7,2504,2371,1280,847,1830,0.463,206,620,0.332,604,831,0.727,362,1111,427,244,65,400,590,False
Louisiana,33,12,21,0.364,-10.65,-2.28,8,10,5,12,6,5,2159,2410,1330,757,1897,0.399,223,720,0.31,422,579,0.729,316,1013,340,243,95,357,578,False
Louisiana State,32,14,18,0.438,10.26,10.01,3,15,11,7,2,8,2363,2355,1295,838,1885,0.445,250,820,0.305,437,612,0.714,330,1141,409,227,151,419,537,False
Louisiana Tech,32,20,12,0.625,1.77,-0.4,9,9,11,4,5,7,2364,2188,1300,830,1780,0.466,248,730,0.34,456,608,0.75,307,1166,485,205,131,402,505,False
Louisiana-Monroe,32,7,25,0.219,-15.02,-4.22,3,15,5,11,2,12,2205,2417,1290,782,1920,0.407,218,658,0.331,423,593,0.713,360,1155,413,228,76,374,448,False
Louisville,34,27,7,0.794,19.29,9.61,18,2,14,3,9,2,2672,2343,1365,917,2018,0.454,320,970,0.33,518,696,0.744,380,1273,476,218,97,389,527,True
Loyola (IL),33,22,11,0.667,3.75,0.34,12,6,16,1,5,5,2426,2265,1335,868,1896,0.458,282,797,0.354,408,615,0.663,337,1175,528,212,149,401,589,False
Loyola (MD),31,12,19,0.387,-11.58,-8.22,6,12,7,7,5,12,2145,2205,1245,775,1779,0.436,229,704,0.325,366,525,0.697,310,1034,426,223,89,372,475,False
Loyola Marymount,32,17,15,0.531,1.47,3.21,8,10,11,6,3,8,2279,2290,1280,821,1868,0.44,252,755,0.334,385,532,0.724,251,1068,423,185,126,333,527,False
Maine,34,20,14,0.588,-6.28,-8.09,10,6,10,3,8,11,2409,2248,1365,893,1929,0.463,225,634,0.355,398,542,0.734,253,1030,504,308,124,352,511,False
Manhattan,30,17,13,0.567,-7.25,-8.22,12,8,9,5,8,7,2280,2235,1225,792,1809,0.438,260,755,0.344,436,566,0.77,358,1109,452,190,76,354,426,False
Marist,30,20,10,0.667,-8.69,-10.19,13,7,11,4,9,5,1979,1934,1215,753,1712,0.44,202,643,0.314,271,383,0.708,310,1079,420,173,103,358,448,False
Marquette,33,23,10,0.697,18.88,10.55,13,7,14,3,7,6,2537,2262,1330,919,2064,0.445,310,955,0.325,389,538,0.723,362,1129,455,298,122,306,527,True
Marshall,33,20,13,0.606,-2.17,-4.43,12,6,14,3,5,9,2499,2366,1325,883,2004,0.441,260,807,0.322,473,683,0.693,412,1239,482,219,180,382,636,False
Maryland,33,25,8,0.758,23.53,8.86,14,6,17,2,5,5,2695,2211,1326,960,2035,0.472,269,723,0.372,506,670,0.755,352,1212,484,260,150,339,512,True
Maryland-Baltimore County,32,13,19,0.406,-11.24,-7.9,5,11,8,9,5,10,2559,2522,1300,929,1917,0.485,287,741,0.387,414,598,0.692,238,1027,469,235,85,364,490,False
Maryland-Eastern Shore,31,6,25,0.194,-20.48,-4.3,2,12,5,7,1,17,2090,2410,1240,738,1740,0.424,210,639,0.329,404,608,0.664,307,1021,361,165,62,416,557,False
Massachusetts,32,12,20,0.375,-2.48,0.75,7,11,8,8,4,7,2333,2399,1300,841,2053,0.41,185,658,0.281,466,702,0.664,456,1269,413,249,155,375,580,False
Massachusetts-Lowell,32,17,15,0.531,-7.33,-7.3,6,10,14,4,3,11,2543,2371,1290,916,1843,0.497,226,639,0.354,485,628,0.772,274,1145,492,188,137,401,427,False
McNeese State,33,27,6,0.818,8.88,-2.35,19,1,13,1,10,2,2549,2113,1320,911,1901,0.479,252,702,0.359,475,669,0.71,385,1195,465,297,112,357,531,True
Memphis,34,29,5,0.853,12.61,5.69,16,2,13,2,11,2,2725,2490,1375,956,2019,0.474,254,669,0.38,559,796,0.702,411,1272,497,264,160,470,604,True
Mercer,33,14,19,0.424,-8.36,-5.03,6,12,7,6,5,11,2511,2485,1335,919,2113,0.435,273,849,0.322,400,611,0.655,386,1297,436,278,87,398,547,False
Mercyhurst,31,15,16,0.484,-15.36,-9.39,9,7,11,2,4,14,2105,2167,1255,735,1703,0.432,214,610,0.351,421,525,0.802,235,849,419,227,67,335,519,False
Merrimack,33,18,15,0.545,-4.37,-5.77,14,6,8,5,9,8,2166,2120,1330,787,1861,0.423,263,798,0.33,329,455,0.723,232,932,391,313,124,297,518,False
Miami (FL),31,7,24,0.226,0.65,7.3,3,17,7,10,0,10,2294,2500,1250,849,1849,0.459,223,712,0.313,373,488,0.764,293,977,399,198,106,339,445,False
Miami (OH),34,25,9,0.735,-0.84,-5.28,14,4,15,1,6,7,2740,2473,1365,985,2046,0.481,363,914,0.397,407,562,0.724,319,1159,550,272,120,412,601,False
Michigan,34,25,9,0.735,20.16,13.13,14,6,13,3,7,3,2661,2422,1370,938,1979,0.474,281,841,0.334,504,692,0.728,369,1298,549,186,122,479,582,True
Michigan State,33,27,6,0.818,22.46,11.56,17,3,15,1,8,2,2579,2219,1325,902,1956,0.461,197,640,0.308,578,740,0.781,390,1314,556,181,149,381,561,True
Middle Tennessee,33,22,11,0.667,2.96,1.21,12,6,11,4,8,5,2505,2357,1340,907,2006,0.452,250,786,0.318,441,658,0.67,380,1258,413,217,144,375,567,False
Milwaukee,32,21,11,0.656,0.36,-3.78,14,6,13,3,7,8,2510,2295,1290,907,1939,0.468,189,613,0.308,507,741,0.684,462,1253,457,246,105,423,562,False
Minnesota,32,15,17,0.469,8.51,10.16,7,13,10,9,5,5,2178,2231,1305,796,1806,0.441,209,649,0.322,377,568,0.664,337,1084,488,193,151,346,561,False
Mississippi,33,22,11,0.667,17.92,12.47,10,8,13,3,5,6,2547,2367,1330,877,1983,0.442,272,797,0.341,521,706,0.738,304,1091,469,290,127,294,599,True
Mississippi State,33,21,12,0.636,17.53,11.92,8,10,10,5,6,5,2632,2447,1335,945,2095,0.451,278,886,0.314,464,663,0.7,428,1259,504,304,152,351,573,True
Mississippi Valley State,31,3,28,0.097,-34.3,-4.48,1,17,2,9,1,19,1678,2506,1240,610,1568,0.389,140,473,0.296,318,482,0.66,238,868,258,186,60,501,507,False
Missouri,33,22,11,0.667,20.39,9.78,10,8,18,2,3,7,2787,2437,1325,924,1904,0.485,292,790,0.37,647,892,0.725,366,1131,457,310,88,353,600,True
Missouri State,32,9,23,0.281,-3.88,0.58,2,18,7,8,1,12,2175,2268,1315,776,1735,0.447,228,639,0.357,395,602,0.656,334,1046,390,236,83,437,580,False
Monmouth,33,13,20,0.394,-7.88,-2.85,10,8,8,2,4,14,2321,2487,1335,784,1908,0.411,233,661,0.352,520,701,0.742,357,1124,389,195,147,364,592,False
Montana,34,25,9,0.735,-1.14,-1.92,15,3,15,1,7,8,2614,2480,1365,939,1871,0.502,249,692,0.36,487,662,0.736,244,1079,461,213,111,372,547,True
Montana State,33,15,18,0.455,-2.39,-2.33,9,9,11,3,3,14,2354,2298,1325,835,1834,0.455,270,793,0.34,414,571,0.725,230,1033,435,210,119,328,528,False
Morehead State,32,15,17,0.469,-13.51,-7.37,10,10,9,5,6,10,2116,2199,1285,741,1779,0.417,190,614,0.309,444,658,0.675,361,1171,368,179,82,377,506,False
Morgan State,32,14,18,0.438,-14.89,-8.32,7,7,11,4,2,13,2559,2584,1295,948,1988,0.477,148,435,0.34,515,707,0.728,396,1193,414,222,149,432,595,False
Mount St. Mary's,34,22,12,0.647,-7.79,-7.28,12,8,10,4,9,8,2392,2373,1380,840,1899,0.442,271,778,0.348,441,601,0.734,351,1281,510,209,95,515,537,True
Murray State,33,16,17,0.485,0.84,0.43,9,11,7,5,6,8,2371,2282,1350,789,1823,0.433,251,730,0.344,542,751,0.722,331,1121,392,220,100,376,573,False
Navy,34,15,19,0.441,-9.61,-8.48,10,8,9,5,6,12,2407,2393,1365,837,1979,0.423,249,737,0.338,484,661,0.732,383,1216,452,222,91,367,557,False
NC State,31,12,19,0.387,5.88,6.69,5,15,12,6,0,11,2158,2183,1245,764,1798,0.425,209,650,0.322,421,580,0.726,318,992,394,200,118,295,515,False
Nebraska,31,17,14,0.548,12.97,10.46,7,13,10,6,5,7,2337,2259,1260,814,1798,0.453,225,693,0.325,484,647,0.748,285,1089,427,220,92,352,488,False
Nevada,33,17,16,0.515,9.74,5.56,8,12,11,6,3,8,2386,2248,1329,845,1785,0.473,228,669,0.341,468,666,0.703,286,1071,497,205,119,335,578,False
Nevada-Las Vegas,33,18,15,0.545,7.03,5.91,11,9,12,5,5,7,2285,2248,1320,803,1826,0.44,210,631,0.333,469,654,0.717,306,1119,398,216,120,352,526,False
New Hampshire,32,8,24,0.25,-19.51,-7.18,6,10,6,7,2,15,2124,2450,1280,772,1872,0.412,249,765,0.325,331,502,0.659,331,1098,359,181,76,424,529,False
New Mexico,33,26,7,0.788,15.15,5.96,17,3,16,1,7,4,2681,2335,1330,957,2087,0.459,234,674,0.347,533,776,0.687,404,1297,500,293,169,377,579,True
New Mexico State,32,17,15,0.531,1.17,0.72,10,8,9,6,8,6,2229,2110,1285,787,1895,0.415,228,710,0.321,427,633,0.675,379,1198,373,204,74,348,591,False
New Orleans,31,4,27,0.129,-15.16,-0.61,2,18,0,11,3,15,2105,2556,1252,758,1840,0.412,172,565,0.304,417,623,0.669,375,1104,380,226,81,408,465,False
Niagara,31,11,20,0.355,-12.53,-8.3,6,14,6,7,3,13,2122,2214,1255,747,1659,0.45,251,711,0.353,377,510,0.739,233,953,390,193,69,380,487,False
Nicholls State,33,20,13,0.606,-2.21,-2.54,13,7,11,4,8,8,2443,2296,1330,867,2025,0.428,252,729,0.346,457,667,0.685,396,1247,373,266,129,351,569,False
NJIT,31,6,25,0.194,-17.64,-7.57,3,13,4,9,1,16,2023,2269,1245,726,1815,0.4,212,688,0.308,359,491,0.731,333,1100,312,148,114,375,570,False
Norfolk State,34,24,10,0.706,-3.63,-7.5,11,3,11,1,8,9,2627,2345,1370,940,1922,0.489,183,553,0.331,564,746,0.756,344,1180,473,236,103,421,598,True
North Alabama,34,24,10,0.706,1.63,-5.37,14,4,16,1,7,9,2691,2400,1370,978,2127,0.46,263,746,0.353,472,669,0.706,422,1292,415,260,113,295,497,False
North Carolina,35,22,13,0.629,17.16,11.33,13,7,12,3,6,6,2828,2624,1410,1005,2110,0.476,276,781,0.353,542,735,0.737,343,1284,513,206,130,377,587,True
North Carolina A&T,32,7,25,0.219,-13.0,-4.03,3,15,5,9,2,15,2213,2439,1280,791,1937,0.408,215,708,0.304,416,606,0.686,341,1148,358,197,96,340,482,False
North Carolina Central,33,14,19,0.424,-12.68,-7.82,6,8,10,4,2,13,2600,2501,1340,915,1994,0.459,242,691,0.35,528,759,0.696,437,1105,520,276,79,437,658,False
North Dakota,33,12,21,0.364,-7.08,-1.18,5,11,8,6,2,12,2550,2624,1320,899,2069,0.435,271,831,0.326,481,679,0.708,437,1245,405,188,81,375,549,False
North Dakota State,32,21,11,0.656,1.43,-3.26,10,6,11,4,8,6,2595,2386,1296,871,1826,0.477,380,955,0.398,473,610,0.775,286,1111,480,117,59,332,478,False
North Florida,32,15,17,0.469,-7.99,-3.26,8,10,8,6,7,10,2651,2712,1295,944,2125,0.444,409,1147,0.357,354,517,0.685,359,1145,521,202,104,358,573,False
North Texas,32,24,8,0.75,7.83,0.5,14,4,15,1,7,5,2179,1910,1280,745,1652,0.451,220,616,0.357,469,606,0.774,328,1052,339,244,78,332,483,False
Northeastern,32,17,15,0.531,-4.34,-4.78,9,9,8,5,7,8,2243,2229,1280,835,1848,0.452,217,644,0.337,356,518,0.687,339,1090,415,242,151,399,516,False
Northern Arizona,33,18,15,0.545,-6.04,-5.45,8,10,10,5,7,8,2503,2350,1321,920,2023,0.455,268,765,0.35,395,598,0.661,391,1244,492,201,51,336,528,False
Northern Colorado,34,25,9,0.735,1.6,-3.82,15,3,13,2,9,6,2750,2463,1375,997,1952,0.511,285,757,0.376,471,648,0.727,272,1164,539,208,80,372,592,False
Northern Illinois,31,6,25,0.194,-16.46,-4.38,2,16,5,10,1,15,2199,2383,1255,756,1843,0.41,295,882,0.334,392,556,0.705,229,1018,388,190,110,355,612,False
Northern Iowa,32,20,12,0.625,5.35,0.1,14,6,14,3,5,5,2355,2150,1285,850,1737,0.489,228,616,0.37,427,612,0.698,263,1060,444,189,96,336,468,False
Northern Kentucky,33,17,16,0.515,-4.79,-3.14,11,9,12,6,5,10,2371,2377,1340,852,1946,0.438,258,772,0.334,409,611,0.669,374,1110,467,256,106,397,529,False
Northwestern,33,17,16,0.515,14.51,11.24,7,13,12,5,2,9,2390,2282,1340,860,1951,0.441,222,667,0.333,448,611,0.733,361,1114,480,228,116,329,582,False
Northwestern State,32,16,16,0.5,-5.06,-1.43,12,8,9,5,6,10,2146,2204,1290,756,1756,0.431,223,630,0.354,411,575,0.715,364,1120,407,218,136,421,500,False
Notre Dame,33,15,18,0.455,7.42,7.27,8,12,11,5,3,9,2397,2392,1355,851,1889,0.451,251,708,0.355,444,600,0.74,329,1158,376,184,58,366,518,False
Oakland,34,16,18,0.471,-2.69,-0.97,11,9,9,4,6,11,2402,2436,1390,859,1968,0.436,255,836,0.305,429,614,0.699,411,1203,439,223,102,406,545,False
Ohio,32,16,16,0.5,-2.53,-4.27,10,8,12,3,3,10,2554,2449,1290,899,1915,0.469,275,769,0.358,481,632,0.761,261,1062,450,231,95,348,559,False
Ohio State,32,17,15,0.531,17.88,12.6,9,11,11,6,4,7,2522,2353,1310,878,1884,0.466,261,710,0.368,505,675,0.748,305,1077,422,208,115,349,626,False
Oklahoma,33,20,13,0.606,15.42,11.42,6,12,12,5,2,7,2602,2470,1320,869,1841,0.472,285,771,0.37,579,729,0.794,275,1058,452,258,76,399,611,True
Oklahoma State,32,15,17,0.469,6.86,10.76,7,13,12,3,2,10,2323,2448,1280,781,1835,0.426,209,644,0.325,552,764,0.723,356,1116,404,288,89,438,623,False
Old Dominion,35,15,20,0.429,-9.56,-4.1,8,10,7,9,5,7,2376,2502,1410,839,2120,0.396,218,758,0.288,480,669,0.717,500,1345,369,193,118,400,586,False
Omaha,34,22,12,0.647,-1.08,-2.86,13,3,11,2,7,9,2654,2551,1360,923,1981,0.466,283,772,0.367,525,725,0.724,336,1209,455,203,82,372,624,True
Oral Roberts,30,7,23,0.233,-11.42,-0.49,3,13,7,7,0,15,2200,2356,1205,738,1693,0.436,280,773,0.362,444,590,0.753,252,940,306,149,70,348,532,False
Oregon,33,24,9,0.727,17.49,12.21,12,8,12,4,7,4,2515,2341,1335,884,1935,0.457,254,747,0.34,493,646,0.763,337,1173,481,236,125,372,541,True
Oregon State,32,20,12,0.625,8.78,2.16,10,8,15,3,3,7,2441,2200,1295,844,1745,0.484,228,620,0.368,525,668,0.786,302,1069,467,210,100,350,508,False
Pacific,33,9,24,0.273,-6.84,2.36,4,14,5,10,2,13,2295,2500,1330,819,1883,0.435,212,707,0.3,445,614,0.725,343,1156,421,188,94,432,610,False
Penn State,31,16,15,0.516,13.62,7.75,6,14,11,6,3,8,2452,2270,1240,858,1792,0.479,222,648,0.343,514,680,0.756,291,1045,496,250,126,384,512,False
Pennsylvania,27,8,19,0.296,-10.26,-2.45,4,10,5,8,3,10,1878,2089,1085,666,1578,0.422,228,700,0.326,318,456,0.697,261,927,371,133,47,300,413,False
Pepperdine,35,13,22,0.371,-2.57,2.81,4,14,7,9,2,11,2560,2681,1400,923,2080,0.444,246,722,0.341,468,654,0.716,351,1226,555,213,96,386,550,False
Pittsburgh,32,17,15,0.531,13.59,8.56,8,12,13,4,3,9,2428,2267,1290,834,1851,0.451,265,766,0.346,495,633,0.782,314,1068,429,233,132,319,526,False
Portland,32,12,20,0.375,-7.09,2.37,7,11,9,7,3,9,2334,2574,1300,805,1843,0.437,272,788,0.345,452,582,0.777,266,1083,496,149,99,408,487,False
Portland State,32,19,13,0.594,-4.06,-4.92,11,7,13,1,5,10,2418,2227,1285,913,1932,0.473,201,615,0.327,391,621,0.63,387,1179,468,264,157,407,560,False
Prairie View,32,5,27,0.156,-19.12,-7.12,4,14,3,7,2,19,2286,2637,1280,820,1884,0.435,202,634,0.319,444,643,0.691,283,894,390,259,102,381,604,False
Presbyterian,32,14,18,0.438,-6.49,-4.35,7,9,8,5,4,12,2379,2263,1295,868,1854,0.468,234,635,0.369,409,589,0.694,324,1079,424,215,103,340,580,False
Princeton,30,19,11,0.633,-2.59,-2.23,8,6,9,4,7,4,2209,2162,1200,791,1824,0.434,316,889,0.355,311,438,0.71,291,1014,455,221,65,313,466,False
Providence,32,12,20,0.375,7.52,8.68,6,14,10,6,2,9,2283,2320,1285,807,1833,0.44,297,834,0.356,372,542,0.686,362,1186,413,159,109,407,550,False
Purdue,33,22,11,0.667,20.68,13.89,13,7,14,2,5,6,2570,2346,1320,913,1863,0.49,273,710,0.385,471,645,0.73,314,1068,527,216,56,342,531,True
Purdue Fort Wayne,32,19,13,0.594,-1.02,-4.08,12,8,12,2,6,10,2583,2388,1295,918,1955,0.47,330,890,0.371,417,556,0.75,243,969,434,278,89,306,503,False
Queens (NC),33,19,14,0.576,-4.77,-4.55,11,7,9,5,9,9,2527,2445,1335,878,1970,0.446,306,886,0.345,465,677,0.687,381,1232,527,217,175,414,560,False
Quinnipiac,33,20,13,0.606,-5.64,-7.42,15,5,12,2,7,10,2439,2358,1325,864,2026,0.426,227,767,0.296,484,634,0.763,390,1263,455,272,154,425,539,False
Radford,33,20,13,0.606,-2.49,-3.2,9,7,10,3,7,9,2441,2314,1330,824,1813,0.454,242,664,0.364,551,722,0.763,375,1167,374,183,103,374,564,False
Rhode Island,31,18,13,0.581,1.6,-0.37,7,11,14,3,1,9,2419,2328,1255,828,1782,0.465,236,673,0.351,527,759,0.694,311,1160,430,184,104,401,508,False
Rice,32,13,19,0.406,-1.84,-1.88,4,14,7,8,4,8,2249,2249,1290,748,1778,0.421,227,688,0.33,526,772,0.681,394,1223,379,149,99,377,571,False
Richmond,32,10,22,0.313,-4.89,2.04,5,13,6,9,2,11,2137,2302,1310,729,1745,0.418,250,797,0.314,429,542,0.792,208,996,373,191,66,327,560,False
Rider,33,14,19,0.424,-11.82,-7.0,9,11,5,7,8,11,2211,2370,1320,814,1894,0.43,178,571,0.312,405,561,0.722,369,1131,416,177,102,370,476,False
Robert Morris,34,26,8,0.765,-0.05,-5.81,15,5,16,2,8,6,2613,2395,1385,901,2000,0.451,257,734,0.35,554,767,0.722,423,1271,545,217,154,442,562,True
Rutgers,32,15,17,0.469,10.45,10.98,8,12,11,5,3,8,2465,2482,1305,865,1939,0.446,231,703,0.329,504,702,0.718,358,1129,413,225,125,349,547,False
Sacramento State,32,7,25,0.219,-13.7,-3.67,3,15,5,11,2,13,2119,2257,1280,746,1741,0.428,262,798,0.328,365,541,0.675,302,1070,418,190,97,422,592,False
Sacred Heart,33,15,18,0.455,-8.73,-8.14,10,10,8,5,5,11,2502,2481,1325,895,2043,0.438,318,910,0.349,392,536,0.731,389,1223,547,243,98,406,520,False
Saint Francis (PA),33,16,17,0.485,-12.53,-7.07,8,8,10,4,6,13,2347,2363,1345,878,1904,0.461,271,800,0.339,320,440,0.727,287,1122,469,209,79,425,502,True
Saint Joseph's,34,22,12,0.647,8.06,1.33,11,7,13,4,4,6,2562,2333,1370,883,1998,0.442,316,930,0.34,480,646,0.743,359,1261,498,219,188,387,489,False
Saint Louis,33,19,14,0.576,4.3,2.46,11,7,14,3,4,8,2449,2320,1330,871,1828,0.476,325,919,0.354,382,556,0.687,252,1164,497,211,103,419,486,False
Saint Mary's (CA),33,28,5,0.848,17.74,5.74,17,1,16,1,9,1,2426,2002,1330,894,1963,0.455,213,659,0.323,425,612,0.694,464,1313,511,206,130,323,496,True
Saint Peter's,28,12,16,0.429,-10.36,-8.18,7,13,6,6,6,10,1848,1842,1130,624,1581,0.395,199,604,0.329,401,543,0.738,377,1043,289,190,101,381,528,False
Sam Houston,32,13,19,0.406,-2.59,1.58,6,12,9,4,3,13,2411,2433,1295,827,1855,0.446,276,712,0.388,481,663,0.725,345,1129,412,205,93,405,565,False
Samford,32,22,10,0.688,1.57,-3.87,12,6,13,3,9,6,2667,2406,1290,948,2053,0.462,344,944,0.364,427,591,0.723,418,1154,528,319,120,410,619,False
San Diego,33,6,27,0.182,-8.06,1.94,2,16,5,13,0,12,2314,2629,1320,820,2016,0.407,211,719,0.293,463,616,0.752,381,1132,376,245,118,440,693,False
San Diego State,30,21,9,0.7,13.77,8.04,14,6,12,3,6,4,2126,1909,1210,766,1726,0.444,231,690,0.335,361,542,0.666,305,1062,393,230,164,329,555,True
San Francisco,33,24,9,0.727,10.96,4.21,13,5,16,2,5,5,2505,2273,1325,876,1918,0.457,281,832,0.338,472,664,0.711,338,1162,455,222,113,392,621,False
San Jose State,34,15,19,0.441,0.82,4.38,7,13,7,8,3,9,2455,2495,1375,870,1952,0.446,277,802,0.345,438,592,0.74,323,1159,444,201,105,394,535,False
Santa Clara,32,20,12,0.625,13.15,4.71,12,6,11,4,6,5,2601,2331,1295,920,1970,0.467,347,921,0.377,414,569,0.728,364,1212,538,211,98,385,533,False
Seattle,32,14,18,0.438,0.14,-1.0,8,8,9,5,4,11,2254,2125,1280,746,1799,0.415,214,663,0.323,548,767,0.714,347,1099,386,259,102,364,574,False
Seton Hall,32,7,25,0.219,0.05,8.67,2,18,5,11,0,11,1970,2246,1295,708,1770,0.4,168,539,0.312,386,582,0.663,359,996,359,260,108,400,577,False
Siena,32,14,18,0.438,-7.13,-7.25,9,11,9,5,4,10,2311,2307,1300,783,1827,0.429,239,729,0.328,506,681,0.743,315,1030,378,219,159,379,518,False
South Alabama,32,21,11,0.656,1.49,-4.14,13,5,13,4,8,6,2334,2066,1310,814,1835,0.444,273,838,0.326,433,615,0.704,320,1130,461,299,84,297,430,False
South Carolina,32,12,20,0.375,10.23,11.89,2,16,10,8,1,10,2233,2286,1290,741,1735,0.427,214,677,0.316,537,751,0.715,323,1100,405,181,94,396,514,False
South Carolina State,33,20,13,0.606,-4.36,-8.8,11,3,10,2,7,10,2624,2324,1330,902,1926,0.468,234,647,0.362,586,827,0.709,408,1165,514,313,116,469,695,False
South Carolina Upstate,32,6,26,0.188,-15.46,-2.49,2,14,4,10,2,14,2393,2673,1280,881,1941,0.454,222,726,0.306,409,606,0.675,299,1086,426,242,74,453,618,False
South Dakota,33,19,14,0.576,-5.44,-3.24,9,7,14,2,4,11,2812,2763,1320,946,2104,0.45,260,811,0.321,660,925,0.714,393,1179,382,249,110,317,613,False
South Dakota State,32,20,12,0.625,2.48,-1.49,11,5,13,1,4,8,2546,2352,1280,913,1937,0.471,277,791,0.35,443,593,0.747,374,1287,451,150,84,386,518,False
South Florida,32,13,19,0.406,-1.85,0.12,6,12,9,6,2,10,2381,2385,1290,842,1899,0.443,226,711,0.318,471,654,0.72,329,1107,460,265,113,355,548,False
Southeast Missouri State,33,21,12,0.636,-4.68,-7.65,15,5,12,3,8,7,2442,2212,1330,901,1974,0.456,242,726,0.333,398,551,0.722,278,1093,448,269,119,352,596,False
Southeastern Louisiana,32,18,14,0.563,-4.06,-4.73,12,8,8,4,9,8,2324,2232,1290,824,1854,0.444,195,592,0.329,481,642,0.749,349,1147,378,222,74,373,550,False
Southern,32,20,12,0.625,-6.73,-7.8,15,3,11,1,9,10,2392,2184,1291,849,1949,0.436,212,658,0.322,482,721,0.669,415,1194,415,309,123,401,595,False
Southern California,33,16,17,0.485,12.45,11.05,7,13,12,7,3,7,2537,2491,1330,897,1861,0.482,237,645,0.367,506,678,0.746,287,1033,510,210,98,408,589,False
Southern Illinois,33,14,19,0.424,-2.17,1.12,8,12,7,8,5,7,2405,2458,1330,875,1896,0.461,222,632,0.351,433,641,0.676,338,1173,467,207,99,412,558,False
SIU Edwardsville,33,22,11,0.667,-5.85,-8.48,13,7,12,3,7,8,2396,2182,1330,859,1981,0.434,247,724,0.341,431,638,0.676,396,1270,451,222,131,375,544,True
Southern Indiana,30,10,20,0.333,-13.67,-8.21,5,15,8,7,2,13,2144,2204,1215,766,1791,0.428,216,616,0.351,396,542,0.731,315,1075,343,201,86,351,516,False
Southern Methodist,33,23,10,0.697,14.93,6.02,13,7,12,5,7,4,2641,2347,1320,935,1945,0.481,257,683,0.376,514,713,0.721,412,1267,515,263,119,396,551,False
Southern Mississippi,33,11,22,0.333,-9.86,-3.28,5,13,9,6,1,13,2352,2507,1330,842,1954,0.431,217,717,0.303,451,652,0.692,347,1233,476,227,142,460,554,False
Southern Utah,31,12,19,0.387,-10.27,-1.77,4,12,8,7,3,11,2163,2285,1240,758,1785,0.425,182,582,0.313,465,638,0.729,341,1149,371,157,136,448,546,False
St. Bonaventure,33,22,11,0.667,4.15,0.61,9,9,12,3,7,6,2278,2143,1325,831,1857,0.447,203,649,0.313,413,562,0.735,312,1116,362,247,108,344,442,False
St. John's (NY),34,30,4,0.882,21.76,8.93,18,2,18,0,8,2,2676,2240,1380,1004,2227,0.451,205,675,0.304,463,672,0.689,492,1389,539,312,177,378,564,True
St. Thomas,34,24,10,0.706,1.33,-4.19,12,4,14,0,7,8,2827,2544,1365,976,1983,0.492,355,917,0.387,520,667,0.78,247,1063,523,244,108,324,613,False
Stanford,33,20,13,0.606,9.13,6.71,11,9,16,2,3,8,2409,2329,1320,841,1939,0.434,274,803,0.341,453,575,0.788,355,1122,455,230,115,349,565,False
Stephen F. Austin,31,14,17,0.452,-8.14,-3.43,7,13,8,8,6,9,2065,2118,1255,756,1791,0.422,191,659,0.29,362,572,0.633,407,1165,388,258,130,483,514,False
Stetson,32,8,24,0.25,-16.2,-4.2,6,12,5,9,3,11,2293,2608,1290,805,1810,0.445,233,686,0.34,450,612,0.735,270,1056,376,165,99,415,470,False
Stonehill,32,15,17,0.469,-12.87,-9.3,7,9,11,3,3,13,2198,2242,1280,759,1748,0.434,276,777,0.355,404,558,0.724,288,1060,461,206,84,388,530,False
Stony Brook,32,8,24,0.25,-13.57,-4.15,4,14,5,9,3,13,2128,2372,1280,739,1784,0.414,236,700,0.337,414,555,0.746,335,1059,361,163,66,376,487,False
Syracuse,33,14,19,0.424,5.32,8.41,7,13,11,6,2,9,2464,2566,1350,897,1964,0.457,211,643,0.328,459,651,0.705,364,1224,448,161,83,415,542,False
Tarleton State,32,12,20,0.375,-9.96,0.04,7,9,10,3,1,14,2025,2227,1280,697,1614,0.432,132,408,0.324,499,681,0.733,303,971,338,300,115,562,612,False
TCU,32,16,16,0.5,10.89,12.05,9,11,14,3,2,9,2162,2199,1285,780,1875,0.416,195,650,0.3,407,629,0.647,385,1114,389,243,110,372,501,False
Temple,32,17,15,0.531,0.08,-0.05,9,9,12,2,3,9,2520,2487,1310,840,1875,0.448,216,597,0.362,624,848,0.736,359,1165,347,205,119,351,575,False
Tennessee,34,27,7,0.794,24.86,13.15,12,6,16,1,6,5,2541,2143,1360,876,1926,0.455,282,829,0.34,507,682,0.743,390,1246,527,236,171,356,528,True
Tennessee State,33,17,16,0.515,-7.87,-8.57,12,8,12,3,4,10,2577,2418,1350,909,1964,0.463,219,673,0.325,540,793,0.681,428,1338,440,237,127,506,625,False
Tennessee Tech,32,15,17,0.469,-10.86,-7.6,10,10,9,5,5,10,2308,2371,1290,810,1874,0.432,309,878,0.352,379,543,0.698,277,1110,486,203,88,372,424,False
Tennessee-Martin,33,14,19,0.424,-10.99,-7.99,9,11,8,5,5,12,2455,2373,1350,836,1997,0.419,306,949,0.322,477,682,0.699,453,1301,447,267,93,433,556,False
Texas,34,19,15,0.559,16.18,9.98,6,12,11,7,4,6,2667,2456,1380,929,2012,0.462,256,712,0.36,551,736,0.749,347,1215,441,214,148,338,641,True
Texas A&M,32,22,10,0.688,20.04,13.66,11,7,13,3,5,5,2378,2174,1290,799,1919,0.416,224,721,0.311,556,800,0.695,518,1319,381,241,130,395,554,True
Texas A&M-Corpus Christi,34,20,14,0.588,-1.05,-3.45,12,8,15,2,4,11,2576,2291,1360,968,1976,0.49,199,580,0.343,441,699,0.631,381,1240,509,268,121,408,602,False
Texas Southern,32,15,17,0.469,-10.04,-8.01,12,6,9,4,6,12,2325,2307,1290,846,1974,0.429,233,697,0.334,400,554,0.722,368,1201,438,274,109,444,538,False
Texas State,32,16,16,0.5,-3.52,-3.68,9,9,10,4,4,10,2439,2346,1310,867,1869,0.464,190,518,0.367,515,681,0.756,389,1184,465,227,129,393,584,False
Texas Tech,33,25,8,0.758,23.9,10.57,15,5,15,3,8,2,2670,2230,1340,939,1998,0.47,338,892,0.379,454,594,0.764,383,1211,549,215,100,329,519,True
Texas-Rio Grande Valley,31,16,15,0.516,-6.14,-3.48,8,12,12,4,2,11,2378,2294,1240,872,1965,0.444,328,997,0.329,306,433,0.707,365,1165,534,235,87,417,510,False
The Citadel,30,5,25,0.167,-18.3,-4.41,0,18,5,12,0,12,1997,2251,1215,706,1685,0.419,226,766,0.295,359,582,0.617,318,1032,368,180,61,376,483,False
Toledo,33,18,15,0.545,-5.95,-2.7,10,8,9,4,6,9,2603,2645,1325,937,2019,0.464,193,574,0.336,536,715,0.75,357,1123,438,178,91,310,523,False
Towson,33,22,11,0.667,-1.69,-3.34,16,2,12,1,9,5,2309,2201,1335,836,1988,0.421,253,750,0.337,384,563,0.682,433,1213,351,213,110,309,528,False
Troy,33,23,10,0.697,3.61,-2.85,13,5,11,4,9,6,2438,2159,1320,829,1891,0.438,253,846,0.299,527,732,0.72,460,1273,459,311,156,447,550,True
Tulane,33,19,14,0.576,2.02,-0.95,12,6,14,3,4,7,2473,2304,1325,855,1880,0.455,254,744,0.341,509,670,0.76,306,1150,490,239,150,355,565,False
Tulsa,33,13,20,0.394,-5.69,-1.66,6,12,8,9,3,8,2352,2430,1340,829,1910,0.434,262,813,0.322,430,645,0.667,321,1178,450,202,90,377,514,False
UAB,34,22,12,0.647,4.41,-0.71,13,5,14,4,5,5,2806,2592,1365,1027,2228,0.461,224,661,0.339,528,694,0.761,500,1352,549,229,146,339,527,False
UC Davis,32,15,17,0.469,-5.91,-1.01,9,11,8,6,7,10,2175,2249,1285,737,1784,0.413,203,625,0.325,498,670,0.743,326,1057,354,252,115,424,577,False
UC Irvine,34,28,6,0.824,8.06,-1.0,17,3,10,2,14,3,2580,2251,1375,883,1940,0.455,237,674,0.352,577,716,0.806,317,1297,540,231,118,434,524,False
UC Riverside,33,21,12,0.636,-0.26,0.38,14,6,14,1,7,10,2480,2449,1340,878,2056,0.427,297,880,0.338,427,566,0.754,412,1236,430,181,81,366,602,False
UC San Diego,34,30,4,0.882,13.02,-2.07,18,2,13,2,12,2,2712,2095,1360,930,1996,0.466,368,1005,0.366,484,649,0.746,309,1153,542,338,74,297,556,True
UC Santa Barbara,34,21,13,0.618,0.77,-3.01,11,9,12,5,7,7,2527,2340,1360,875,1891,0.463,340,893,0.381,437,572,0.764,303,1153,508,205,106,416,570,False
UCF,33,17,16,0.515,10.69,11.51,7,13,13,5,2,8,2617,2644,1340,875,2062,0.424,286,851,0.336,581,748,0.777,407,1214,464,258,148,418,568,False
UCLA,32,22,10,0.688,19.22,10.19,13,7,15,2,5,5,2392,2103,1280,864,1853,0.466,235,668,0.352,429,610,0.703,347,1045,523,259,96,339,556,True
UNC Asheville,32,21,11,0.656,-5.11,-4.47,11,5,13,1,6,9,2630,2450,1295,942,1993,0.473,255,732,0.348,491,686,0.716,362,1125,449,240,134,334,619,False
UNC Greensboro,32,20,12,0.625,-0.88,-4.02,13,5,11,3,8,6,2332,2092,1280,818,1850,0.442,294,790,0.372,402,547,0.735,350,1174,416,192,91,316,519,False
UNC Wilmington,34,27,7,0.794,2.31,-4.5,14,4,15,3,9,4,2699,2377,1375,945,2004,0.472,248,732,0.339,561,750,0.748,425,1316,518,222,119,372,565,True
UT Arlington,31,13,18,0.419,-5.24,-2.51,6,10,9,4,3,11,2302,2320,1255,799,1793,0.446,269,759,0.354,435,658,0.661,361,1132,436,184,99,418,558,False
Utah,32,16,16,0.5,11.94,8.84,8,12,15,4,1,9,2409,2310,1285,845,1896,0.446,271,831,0.326,448,701,0.639,409,1275,561,204,117,401,592,False
Utah State,33,26,7,0.788,14.46,5.21,15,5,15,2,7,4,2669,2309,1320,935,1910,0.49,296,811,0.365,503,716,0.703,379,1142,574,285,92,353,606,True
Utah Tech,33,7,26,0.212,-9.89,-1.25,2,14,5,8,0,16,2305,2508,1325,810,1908,0.425,246,738,0.333,439,632,0.695,332,1090,418,213,106,417,634,False
Utah Valley,33,25,8,0.758,2.3,-3.38,15,1,12,0,10,6,2514,2243,1330,888,1890,0.47,201,591,0.34,537,779,0.689,359,1259,520,217,190,402,540,False
UTEP,33,18,15,0.545,-0.3,0.67,7,11,11,5,4,8,2392,2335,1325,825,1879,0.439,241,686,0.351,501,701,0.715,295,1029,434,337,99,391,596,False
UTSA,31,12,19,0.387,-2.33,0.74,6,12,7,7,4,11,2378,2382,1250,816,1929,0.423,308,853,0.361,438,553,0.792,332,1003,393,294,107,339,564,False
Valparaiso,34,15,19,0.441,-2.86,-0.08,6,14,10,7,3,10,2539,2513,1375,873,2044,0.427,263,783,0.336,530,671,0.79,340,1172,409,199,127,331,557,False
Vanderbilt,32,20,12,0.625,15.02,10.18,8,10,14,3,3,7,2548,2393,1285,893,1979,0.451,259,796,0.325,503,673,0.747,374,1117,447,289,127,332,575,True
Vermont,33,21,12,0.636,-7.79,-7.34,13,3,13,3,7,8,2199,2106,1320,776,1789,0.434,256,775,0.33,391,543,0.72,291,1125,398,184,147,371,452,False
Villanova,33,19,14,0.576,13.33,7.45,11,9,14,3,3,8,2421,2227,1320,842,1823,0.462,316,794,0.398,421,526,0.8,307,1114,413,187,76,328,510,False
Virginia,32,15,17,0.469,6.11,8.11,8,12,10,7,4,7,2073,2137,1280,739,1656,0.446,266,709,0.375,329,437,0.753,216,937,470,176,120,323,489,False
Virginia Commonwealth,34,28,6,0.824,15.17,1.35,15,3,15,1,7,3,2622,2121,1365,903,2025,0.446,322,964,0.334,494,664,0.744,451,1306,509,276,188,383,609,True
VMI,34,15,19,0.441,-11.12,-4.76,7,11,7,7,5,10,2492,2487,1365,833,1954,0.426,303,932,0.325,523,687,0.761,339,1180,427,269,89,408,549,False
Virginia Tech,32,13,19,0.406,2.99,6.99,8,12,8,9,5,5,2213,2341,1295,785,1778,0.442,252,719,0.35,391,548,0.714,325,1066,404,174,62,430,544,False
Wagner,30,14,16,0.467,-15.47,-10.0,6,10,8,6,6,10,1874,1818,1215,663,1635,0.406,207,620,0.334,341,483,0.706,340,1046,378,212,47,353,512,False
Wake Forest,32,21,11,0.656,9.9,7.75,13,7,13,3,6,6,2246,2177,1280,790,1782,0.443,179,628,0.285,487,644,0.756,284,1061,362,230,126,362,527,False
Washington,31,13,18,0.419,6.23,10.73,4,16,9,9,2,9,2219,2339,1250,788,1771,0.445,218,633,0.344,425,623,0.682,296,1011,399,200,120,373,569,False
Washington State,33,19,14,0.576,4.88,4.43,8,10,10,4,4,7,2601,2586,1325,939,1913,0.491,290,794,0.365,433,620,0.698,329,1126,557,211,163,483,633,False
Weber State,34,12,22,0.353,-9.3,-2.81,5,13,5,10,4,11,2443,2443,1370,866,1903,0.455,252,727,0.347,459,653,0.703,289,1140,389,221,82,373,606,False
West Georgia,31,6,25,0.194,-15.08,-4.01,4,14,4,8,2,15,2140,2426,1241,803,1848,0.435,168,557,0.302,366,528,0.693,295,1016,418,216,92,351,493,False
West Virginia,32,19,13,0.594,15.28,11.94,10,10,13,4,4,7,2181,2074,1300,782,1842,0.425,277,849,0.326,340,472,0.72,288,1064,442,242,131,344,532,False
Western Carolina,30,8,22,0.267,-15.73,-2.24,4,14,7,7,1,14,2090,2371,1215,720,1828,0.394,272,892,0.305,378,507,0.746,310,1152,362,158,93,420,509,False
Western Illinois,31,12,19,0.387,-15.07,-8.35,6,14,8,7,4,11,2130,2211,1250,774,1759,0.44,248,661,0.375,334,483,0.692,317,1079,317,168,116,373,443,False
Western Kentucky,32,17,15,0.531,-0.21,1.29,8,10,13,5,4,9,2395,2392,1285,843,1997,0.422,262,797,0.329,447,617,0.724,297,1188,382,259,85,352,585,False
Western Michigan,32,12,20,0.375,-9.43,-4.04,9,9,6,9,6,10,2306,2433,1280,850,1993,0.426,190,662,0.287,414,616,0.672,423,1208,398,222,75,352,574,False
Wichita State,33,19,14,0.576,2.78,1.97,8,10,11,6,5,6,2437,2396,1330,880,1970,0.447,170,557,0.305,507,697,0.727,382,1269,389,223,146,383,501,False
William & Mary,32,17,15,0.531,-5.99,-3.99,11,7,12,2,4,11,2487,2445,1280,842,1858,0.453,336,960,0.35,467,646,0.723,298,1102,529,232,58,407,570,False
Winthrop,34,23,11,0.676,-1.45,-3.93,11,5,16,2,5,8,2879,2651,1375,978,2064,0.474,275,804,0.342,648,970,0.668,421,1312,439,270,114,446,672,False
Wisconsin,35,26,9,0.743,20.94,11.65,13,7,14,3,6,5,2790,2465,1405,933,2065,0.452,347,994,0.349,577,697,0.828,328,1278,512,181,79,340,583,True
Wofford,34,19,15,0.559,-0.28,-3.03,10,8,7,6,8,8,2561,2374,1370,912,2013,0.453,329,966,0.341,408,617,0.661,442,1306,511,206,87,372,572,True
Wright State,33,15,18,0.455,-4.91,-3.81,8,12,11,4,3,12,2551,2520,1335,952,1928,0.494,279,726,0.384,368,521,0.706,307,1139,502,188,103,401,556,False
Wyoming,32,12,20,0.375,-0.29,4.58,5,15,8,7,3,10,2149,2277,1285,779,1778,0.438,243,710,0.342,348,534,0.652,337,1114,373,141,89,412,617,False
Xavier,32,21,11,0.656,15.56,8.41,13,7,15,2,5,7,2497,2268,1290,848,1818,0.466,264,680,0.388,537,676,0.794,255,1078,542,246,84,359,498,True
Yale,29,22,7,0.759,6.78,-3.65,13,1,11,0,7,6,2368,2022,1160,869,1772,0.49,221,570,0.388,409,559,0.732,323,1122,474,167,107,289,468,True
Youngstown State,34,21,13,0.618,-3.88,-5.01,13,7,10,5,9,6,2599,2446,1370,884,2028,0.436,299,934,0.32,532,726,0.733,378,1242,469,236,179,416,624,False
